epoch,bce
1,0.690109111438
2,0.688296596409
3,0.687246254402
4,0.686415399052
5,0.685682378922
6,0.685002371283
7,0.684363378350
8,0.683760138532
9,0.683186694848
10,0.682632763203
