implementation,architecture,runs,mean_ms,median_ms,stdev_ms
CUDA/NIF,sm_89,5,8178.4218,8175.36,208.23561008794837
PolyHok,sm_89,5,12683.6672,12676.294,109.84257892866499
