epoch,bce
1,0.690109117978
2,0.688296594302
3,0.687246252959
4,0.686415406958
5,0.685682384641
6,0.685002381140
7,0.684363371298
8,0.683760142839
9,0.683186702906
10,0.682632773169
